{
  "Workflows": [
    {
      "Path": null,
      "SortBy": 0,
      "VariablesSectionElementsOrder": [],
      "ArgumentsSectionElementsOrder": null,
      "ConstantsSectionElementsOrder": [],
      "AddedNamespaces": null
    },
    {
      "Path": "Main.xaml",
      "SortBy": 0,
      "VariablesSectionElementsOrder": [
        "ilceIsmi&Sequence_1",
        "sehirIsmi&Sequence_1",
        "Table&Sequence_20",
        "Sicaklik&Sequence_21",
        "Nem&Sequence_21",
        "Ruzgar&Sequence_21",
        "Yagıs&Sequence_21",
        "Yagıs&Sequence_17",
        "Ruzgar&Sequence_17",
        "Nem&Sequence_17",
        "Sicaklik&Sequence_17",
        "Table&Sequence_13",
        "Hata&Sequence_7"
      ],
      "ArgumentsSectionElementsOrder": [],
      "ConstantsSectionElementsOrder": [],
      "AddedNamespaces": null
    }
  ]
}